name,name_citation,type,type_citation,category,category_citation,relevance,relevance_citation,confidence,confidence_citation,direct_link,direct_link_citation,status,status_citation
Students for the Exploration and Development of Space (SEDS) at UC San Diego,https://www.sedsucsd.org/,Student Organization / Club,https://www.sedsucsd.org/,Aerospace / Rocketry,https://www.sedsucsd.org/,"Premier student rocketry organization at UCSD, famous for developing the world's first 3D-printed rocket engine and launching liquid-propellant rockets.",https://www.sedsucsd.org/,Direct,https://www.sedsucsd.org/,https://www.sedsucsd.org/,https://www.sedsucsd.org/,Current,https://www.sedsucsd.org/
American Institute of Aeronautics and Astronautics (AIAA) at UC San Diego,https://aiaa.ucsd.edu/,Student Organization / Club,https://aiaa.ucsd.edu/,Aerospace,https://aiaa.ucsd.edu/,"Professional organization for aerospace students providing networking, industry events, and aircraft design projects like DBF.",https://aiaa.ucsd.edu/,Direct,https://aiaa.ucsd.edu/,https://aiaa.ucsd.edu/,https://aiaa.ucsd.edu/,Current,https://aiaa.ucsd.edu/
Triton Astronautics Research Systems Group (TARS),https://studentorg.ucsd.edu/Home/Details/20807,Student Organization / Club,https://studentorg.ucsd.edu/Home/Details/20807,Space / Satellite Engineering,https://studentorg.ucsd.edu/Home/Details/20807,"Student group focused on high-altitude ballooning, CanSat projects, and CubeSat mission development to bridge the gap between classroom and industry.",https://studentorg.ucsd.edu/Home/Details/20807,Direct,https://studentorg.ucsd.edu/Home/Details/20807,https://studentorg.ucsd.edu/Home/Details/20807,https://studentorg.ucsd.edu/Home/Details/20807,Current,https://studentorg.ucsd.edu/Home/Details/20807
Triton Unmanned Aerial Systems (TUAS),https://tuas.ucsd.edu/,Student Organization / Design Team,https://tuas.ucsd.edu/,Aerospace / UAV,https://tuas.ucsd.edu/,"Design team that builds autonomous unmanned aerial systems for the AUVSI SUAS competition, focusing on airframe design and autonomous flight software.",https://tuas.ucsd.edu/,Direct,https://tuas.ucsd.edu/,https://tuas.ucsd.edu/,https://tuas.ucsd.edu/,Current,https://tuas.ucsd.edu/
Design/Build/Fly (DBF) at UC San Diego,https://dbf.ucsd.edu/,Student Organization / Design Team,https://dbf.ucsd.edu/,Aerospace / Aircraft,https://dbf.ucsd.edu/,"A team that develops radio-controlled aircraft for the annual AIAA international competition, emphasizing aerodynamic design and construction.",https://dbf.ucsd.edu/,Direct,https://dbf.ucsd.edu/,https://dbf.ucsd.edu/,https://dbf.ucsd.edu/,Current,https://dbf.ucsd.edu/
Yonder Dynamics,https://yonderdynamics.com/,Student Organization / Design Team,https://yonderdynamics.com/,Space Robotics / Rover,https://yonderdynamics.com/,An interdisciplinary team that designs and builds autonomous planetary rovers for the University Rover Challenge (URC).,https://yonderdynamics.com/,Direct,https://yonderdynamics.com/,https://yonderdynamics.com/,https://yonderdynamics.com/,Current,https://yonderdynamics.com/
Rocket Propulsion Laboratory (RPL),https://jacobsschool.ucsd.edu/idea/current-undergraduates/undergraduate,Student-Led Laboratory,https://jacobsschool.ucsd.edu/idea/current-undergraduates/undergraduate,Aerospace / Propulsion,https://jacobsschool.ucsd.edu/idea/current-undergraduates/undergraduate,Dedicated to the design and testing of innovative rocket propulsion systems and launch vehicles at the Jacobs School of Engineering.,https://jacobsschool.ucsd.edu/idea/current-undergraduates/undergraduate,Direct,https://jacobsschool.ucsd.edu/idea/current-undergraduates/undergraduate,https://jacobsschool.ucsd.edu/idea/current-undergraduates/undergraduate,https://jacobsschool.ucsd.edu/idea/current-undergraduates/undergraduate,Current,https://jacobsschool.ucsd.edu/idea/current-undergraduates/undergraduate
Center for Astrophysics and Space Sciences (CASS),https://cass.ucsd.edu/,Research Center / Institute,https://cass.ucsd.edu/,Astrophysics / Space Science,https://cass.ucsd.edu/,An interdisciplinary research unit coordinating faculty from physics and engineering on space-based astronomical research and instrumentation.,https://cass.ucsd.edu/,Direct,https://cass.ucsd.edu/,https://cass.ucsd.edu/,https://cass.ucsd.edu/,Current,https://cass.ucsd.edu/
Astrobiotechnology Hub,https://today.ucsd.edu/story/uc-san-diegos-astrobiotechnology-hub-to-drive-drug-discovery-in-space,Research Center / Hub,https://today.ucsd.edu/story/uc-san-diegos-astrobiotechnology-hub-to-drive-drug-discovery-in-space,Space Biology,https://today.ucsd.edu/story/uc-san-diegos-astrobiotechnology-hub-to-drive-drug-discovery-in-space,"A collaborative hub focused on drug discovery and life sciences research in space environments, particularly microgravity.",https://today.ucsd.edu/story/uc-san-diegos-astrobiotechnology-hub-to-drive-drug-discovery-in-space,Direct,https://today.ucsd.edu/story/uc-san-diegos-astrobiotechnology-hub-to-drive-drug-discovery-in-space,https://today.ucsd.edu/story/uc-san-diegos-astrobiotechnology-hub-to-drive-drug-discovery-in-space,https://today.ucsd.edu/story/uc-san-diegos-astrobiotechnology-hub-to-drive-drug-discovery-in-space,Current,https://today.ucsd.edu/story/uc-san-diegos-astrobiotechnology-hub-to-drive-drug-discovery-in-space
Space Weather Laboratory,https://astro.ucsd.edu/research/labs/index.html,Research Laboratory,https://astro.ucsd.edu/research/labs/index.html,Space Physics,https://astro.ucsd.edu/research/labs/index.html,"Develops instrumentation and models to study solar physics, space weather, and their impacts on planetary environments and spacecraft.",https://astro.ucsd.edu/research/labs/index.html,Direct,https://astro.ucsd.edu/research/labs/index.html,https://astro.ucsd.edu/research/labs/index.html,https://astro.ucsd.edu/research/labs/index.html,Current,https://astro.ucsd.edu/research/labs/index.html
POLARBEAR / Simons Observatory Group,https://cosmology.ucsd.edu/,Research Project / Group,https://cosmology.ucsd.edu/,Cosmology / Astrophysics,https://cosmology.ucsd.edu/,Leading research group focused on measuring the Cosmic Microwave Background (CMB) using ground-based telescopes in Chile.,https://cosmology.ucsd.edu/,Direct,https://cosmology.ucsd.edu/,https://cosmology.ucsd.edu/,https://cosmology.ucsd.edu/,Current,https://cosmology.ucsd.edu/
Astronomy Club at UC San Diego,https://astro.ucsd.edu/community/engagement/index.html,Student Organization / Club,https://astro.ucsd.edu/community/engagement/index.html,Astronomy,https://astro.ucsd.edu/community/engagement/index.html,"Fosters an undergraduate community around amateur astronomy, telescope observation, and public outreach related to space.",https://astro.ucsd.edu/community/engagement/index.html,Strongly Adjacent,https://astro.ucsd.edu/community/engagement/index.html,https://astro.ucsd.edu/community/engagement/index.html,https://astro.ucsd.edu/community/engagement/index.html,Current,https://astro.ucsd.edu/community/engagement/index.html
Robotic Graduate Student Organization (RoboGrads),https://studentorg.ucsd.edu/Home/Details/17156,Student Organization,https://studentorg.ucsd.edu/Home/Details/17156,Robotics,https://studentorg.ucsd.edu/Home/Details/17156,Graduate student group coordinating research seminars and community events for robotics researchers at UCSD.,https://studentorg.ucsd.edu/Home/Details/17156,Strongly Adjacent,https://studentorg.ucsd.edu/Home/Details/17156,https://studentorg.ucsd.edu/Home/Details/17156,https://studentorg.ucsd.edu/Home/Details/17156,Current,https://studentorg.ucsd.edu/Home/Details/17156
Combat Robotics Club,https://studentorg.ucsd.edu/Home/Index/11,Student Organization / Club,https://studentorg.ucsd.edu/Home/Index/11,Robotics,https://studentorg.ucsd.edu/Home/Index/11,"Designs and builds battle-bots, providing practical experience in mechanical engineering, power systems, and remote control systems.",https://studentorg.ucsd.edu/Home/Index/11,Strongly Adjacent,https://studentorg.ucsd.edu/Home/Index/11,https://studentorg.ucsd.edu/Home/Index/11,https://studentorg.ucsd.edu/Home/Index/11,Current,https://studentorg.ucsd.edu/Home/Index/11
Cool Star Lab,https://www.coolstarlab.org/,Research Laboratory,https://www.coolstarlab.org/,Astrophysics,https://www.coolstarlab.org/,"Researches low-mass stars, brown dwarfs, and their planetary systems using astronomical observation and theory.",https://www.coolstarlab.org/,Strongly Adjacent,https://www.coolstarlab.org/,https://www.coolstarlab.org/,https://www.coolstarlab.org/,Current,https://www.coolstarlab.org/
Advanced Robotics and Controls Lab (ARCLAB),https://ucsdarclab.com/,Research Laboratory,https://ucsdarclab.com/,Robotics,https://ucsdarclab.com/,"Dedicated to the design and automation of intelligent robots, with research applicable to planetary exploration and extreme environments.",https://ucsdarclab.com/,Strongly Adjacent,https://ucsdarclab.com/,https://ucsdarclab.com/,https://ucsdarclab.com/,Current,https://ucsdarclab.com/
Gravish Lab,https://gravishlab.ucsd.edu/,Research Laboratory,https://gravishlab.ucsd.edu/,Robotics,https://gravishlab.ucsd.edu/,"Investigates bio-inspired robotics and locomotion in complex environments, relevant to planetary surface mobility.",https://gravishlab.ucsd.edu/,Strongly Adjacent,https://gravishlab.ucsd.edu/,https://gravishlab.ucsd.edu/,https://gravishlab.ucsd.edu/,Current,https://gravishlab.ucsd.edu/
Safe Autonomous Systems Lab (Sylvia Herbert),http://sylviaherbert.com/,Research Laboratory,http://sylviaherbert.com/,Robotics / Control,http://sylviaherbert.com/,Develops safety-critical control and reachability analysis for autonomous vehicles and robotic systems.,http://sylviaherbert.com/,Strongly Adjacent,http://sylviaherbert.com/,http://sylviaherbert.com/,http://sylviaherbert.com/,Current,http://sylviaherbert.com/
Triton Rocket Club (TRC),https://www.facebook.com/UCSDTRC/,Student Organization / Club,https://www.facebook.com/UCSDTRC/,Aerospace / Rocketry,https://www.facebook.com/UCSDTRC/,A historical student organization focused on solid propellant rockets and competitive rocketry challenges.,https://www.facebook.com/UCSDTRC/,Direct,https://www.facebook.com/UCSDTRC/,https://www.facebook.com/UCSDTRC/,https://www.facebook.com/UCSDTRC/,Historical/Inactive,https://www.facebook.com/UCSDTRC/
Triton Rocketry,https://www.reddit.com/r/UCSD/comments/4swjlw/how_to_be_involved_on_campus/,Student Organization / Club,https://www.reddit.com/r/UCSD/comments/4swjlw/how_to_be_involved_on_campus/,Aerospace / Rocketry,https://www.reddit.com/r/UCSD/comments/4swjlw/how_to_be_involved_on_campus/,Historically recognized club separate from SEDS that focused on solid propellant rockets and high-altitude records.,https://www.reddit.com/r/UCSD/comments/4swjlw/how_to_be_involved_on_campus/,Direct,https://www.reddit.com/r/UCSD/comments/4swjlw/how_to_be_involved_on_campus/,https://www.reddit.com/r/UCSD/comments/4swjlw/how_to_be_involved_on_campus/,https://www.reddit.com/r/UCSD/comments/4swjlw/how_to_be_involved_on_campus/,Historical/Inactive,https://www.reddit.com/r/UCSD/comments/4swjlw/how_to_be_involved_on_campus/
Women of Aeronautics and Astronautics (WoAA) at UC San Diego,https://studentorg.ucsd.edu/,Student Organization,https://studentorg.ucsd.edu/,Aerospace,https://studentorg.ucsd.edu/,Student chapter of the national WoAA organization supporting diverse groups in the aerospace engineering community.,https://studentorg.ucsd.edu/,Direct,https://studentorg.ucsd.edu/,https://studentorg.ucsd.edu/,https://studentorg.ucsd.edu/,Current,https://studentorg.ucsd.edu/
Contextual Robotics Institute,https://contextualrobotics.ucsd.edu/,Research Institute,https://contextualrobotics.ucsd.edu/,Robotics,https://contextualrobotics.ucsd.edu/,Broad research institute at UCSD that connects multiple engineering and social science labs to advance the state of robotics.,https://contextualrobotics.ucsd.edu/,Strongly Adjacent,https://contextualrobotics.ucsd.edu/,https://contextualrobotics.ucsd.edu/,https://contextualrobotics.ucsd.edu/,Current,https://contextualrobotics.ucsd.edu/
Existential Risk Lab (xRisk Lab),https://xrisklab.org/,Research Laboratory,https://xrisklab.org/,Interdisciplinary,https://xrisklab.org/,"Considers long-term risks to humanity, including those related to space colonization and orbital debris.",https://xrisklab.org/,Loosely Adjacent,https://xrisklab.org/,https://xrisklab.org/,https://xrisklab.org/,Current,https://xrisklab.org/
Society of Physics Students (SPS) at UC San Diego,https://sps.ucsd.edu/,Student Organization,https://sps.ucsd.edu/,Physics / Astrophysics,https://sps.ucsd.edu/,"Professional organization for physics undergraduates, with strong ties to the astrophysics and space science departments.",https://sps.ucsd.edu/,Loosely Adjacent,https://sps.ucsd.edu/,https://sps.ucsd.edu/,https://sps.ucsd.edu/,Current,https://sps.ucsd.edu/
Mechanical and Aerospace Engineering Graduate Student Council (MAEGSC),https://maeweb.ucsd.edu/grad/mae-graduate-student-council-maegsc,Student Organization,https://maeweb.ucsd.edu/grad/mae-graduate-student-council-maegsc,Engineering,https://maeweb.ucsd.edu/grad/mae-graduate-student-council-maegsc,Coordinates academic and social activities for graduate students within the MAE department.,https://maeweb.ucsd.edu/grad/mae-graduate-student-council-maegsc,Strongly Adjacent,https://maeweb.ucsd.edu/grad/mae-graduate-student-council-maegsc,https://maeweb.ucsd.edu/grad/mae-graduate-student-council-maegsc,https://maeweb.ucsd.edu/grad/mae-graduate-student-council-maegsc,Current,https://maeweb.ucsd.edu/grad/mae-graduate-student-council-maegsc
Flow Control and Coordinated Robotics Lab,http://flyingv.ucsd.edu/,Research Laboratory,http://flyingv.ucsd.edu/,Aerospace / Robotics,http://flyingv.ucsd.edu/,"Focuses on fluid dynamics, flow control, and autonomous coordinated systems for aerial and marine vehicles.",http://flyingv.ucsd.edu/,Strongly Adjacent,http://flyingv.ucsd.edu/,http://flyingv.ucsd.edu/,http://flyingv.ucsd.edu/,Current,http://flyingv.ucsd.edu/
California Space Grant Consortium (UCSD),https://casgc.ucsd.edu/,University-Affiliated Program / Center,https://casgc.ucsd.edu/,Space / Aerospace,https://casgc.ucsd.edu/,Part of a NASA-sponsored national program that provides funding and research opportunities for students in space-related fields.,https://casgc.ucsd.edu/,Direct,https://casgc.ucsd.edu/,https://casgc.ucsd.edu/,https://casgc.ucsd.edu/,Current,https://casgc.ucsd.edu/